,Name,Mean,Median,Max,Min,Q1,Q3
0,Ligand 0,3.5681978491776434,3.655165522927789,4.162936463603544,2.3874454967600833,3.281854409801972,3.8457381280974423
1,Ligand 1,3.681860996092227,3.669714157805752,5.488534686052371,2.581578974193894,3.4259639519411205,3.939156508695738
2,Ligand 2,3.481459504095354,3.4916055446781877,4.200021309469751,2.426099132352178,3.299991504300121,3.6806839263999374
3,Ligand 3,3.8162410912797182,3.7477576359493545,4.664561286980801,2.977543618488234,3.514496620001528,4.104345300671171
4,Ligand 4,3.40889754150966,3.539173067257382,4.340621499278644,1.1270798552010406,3.387871750819386,3.739126769715088
5,Ligand 5,3.640963838281035,3.4384614291860287,5.305595536789441,2.9342837286124883,3.2697759862106754,3.801246769153511
6,Ligand 6,3.4500673513524993,3.430820622114748,4.492865232788535,2.439009225074804,3.1892496398618957,3.758303439747902
7,Ligand 7,3.4561264225773574,3.496733967412675,4.209842989946299,2.4338652386687274,3.2147935939769874,3.6485056765022272
8,Ligand 8,3.51294286967085,3.4710832603093817,4.433424861210573,2.4735266321590252,3.361964395244546,3.653975471398881
9,Ligand 9,3.432231787011141,3.5301662664305544,4.17288161825854,2.0887417264946833,3.333847580199769,3.6652075531334547
10,Ligand 10,3.6871876801787025,3.6785965180341496,4.389313727679989,2.696059717439508,3.455119212765125,4.035067417678959
11,Ligand 11,3.5171198880174948,3.5325057678650724,4.804050166265957,2.362343328138398,3.3637708347403805,3.777411783728332
12,Ligand 12,3.5326341456141495,3.5558646399575653,4.443625209218253,2.1258283091538677,3.3652483053880102,3.792900959907864
13,Ligand 13,3.4963194128146164,3.519548976786656,4.231871217322188,2.4042065219111284,3.318159122243521,3.698483109659843
14,Ligand 14,3.508087604501712,3.4395691095350633,4.502011661468677,2.6433781416967195,3.1916224297942852,3.805234661459873
15,Ligand 15,3.429720155155652,3.486836711646802,4.509122974592732,2.369508176816448,3.1314897706031997,3.6433788090572388
16,Ligand 16,3.6275584956204927,3.525510175846888,5.129497246319564,2.65013094016125,3.353579574279411,3.8439942012088775
17,Ligand 17,3.4895445510760195,3.5046513378651487,4.914726136825937,2.366346762416701,3.3188009883088854,3.742808571113409
18,Ligand 18,3.6554973835085356,3.6609295856310275,5.309775607311476,2.0806032778980255,3.358193250185173,3.9778896706667646
19,Ligand 19,3.5550161732645846,3.598949430042049,4.221640557887418,2.6406080739102493,3.33936571533439,3.748124704894166
20,Ligand 20,3.5031595476328135,3.513001101251869,4.5449679866859345,2.3131919505306944,3.2892439276517784,3.7287184382431673
21,Ligand 21,3.467972055466487,3.4626310933198257,4.069664359624759,2.5712712809036686,3.2668461082322713,3.723446977340087
22,Ligand 22,3.676845649434181,3.6506957846865564,5.359421330703528,2.040378396278491,3.335289666279495,4.007092728031724
23,Ligand 23,3.6664232551305225,3.5996904939616954,4.307499158444492,2.897663368992338,3.4599426506337547,3.8252333167464068
24,Ligand 24,3.4182063369868705,3.4959658179106996,4.150886772727001,2.631254263654502,3.1815601518751775,3.610736905397569
25,Ligand 25,3.5285350005722633,3.5338695275367753,4.5289528591055115,2.320253434433402,3.390286044934867,3.8620653548731707
26,Ligand 26,3.5478768483228245,3.5720116865155056,4.530374156733632,2.7249900917251018,3.369208096508606,3.7327663624013336
27,Ligand 27,3.5227933955072563,3.4919813859755884,4.58951032246361,2.7430357270732015,3.2239294347116254,3.7179741795768324
28,Ligand 28,3.5488425264682286,3.4981000561335662,4.356572161688599,2.699503102424585,3.3506924951934045,3.832776754478239
29,Ligand 29,3.5731151106150345,3.588087234168086,4.382733964091366,2.3883006510906504,3.4246326810331063,3.7589948124465393
30,Ligand 30,3.4600286756979943,3.458390233683754,4.217262263601826,2.536761912359928,3.3035124404721503,3.7668165866750316
31,Ligand 31,3.577651030816149,3.521420310045369,4.629855397309945,2.3553914748932914,3.283248543744441,3.8858957783244765
32,Ligand 32,3.6450994111118398,3.596074834291736,5.033132821613204,2.764082668807139,3.385928756909098,3.906044313477866
33,Ligand 33,3.591507944344762,3.6202859003122922,4.614717976214797,2.0889753469105314,3.370554391748558,3.809889267759341
34,Ligand 34,3.425176766425735,3.4792213209280027,4.3910843763243665,2.1113848535972717,3.246181697446698,3.6458512754854273
35,Ligand 35,3.780244203422065,3.6752970367762963,4.983830354255651,3.258851484802585,3.508921409036933,3.9478673237527113
36,Ligand 36,3.650463741458047,3.643317800776341,5.116735482707702,2.6336165248570205,3.4061694733169796,3.860153107567294
37,Ligand 37,3.532688758230862,3.585401651140361,4.414165719589601,1.9903087700153461,3.29010698914184,3.8638365648665816
38,Ligand 38,3.53398303339726,3.5622692205952067,4.785389221369566,2.6755973164884113,3.347361498255003,3.6794611018462997
39,Ligand 39,3.5674059802460603,3.5710875939094393,4.457218190755305,2.7842034767595574,3.42136996628989,3.6917585861276594
40,Ligand 40,3.6917302881868412,3.5841867975874218,5.812109427737919,2.090489894737593,3.2890562476187597,3.9913056760914705
41,Ligand 41,3.5743012272195167,3.5586696952653534,4.89529672236525,2.182359732033196,3.3066532399755664,3.7797380306782586
42,Ligand 42,3.4829317286485546,3.4870057355846145,4.431983190401336,2.3239827882323043,3.378930808035298,3.694942072287239
43,Ligand 43,3.443102996578054,3.438182057374892,4.447303452655325,2.2746316185263953,3.3257644735243934,3.651979977476405
44,Ligand 44,3.4468507775988835,3.4557960009236663,4.40845982175181,2.439774169877203,3.2132212294060167,3.665898082476147
45,Ligand 45,3.6730584220696594,3.6709145369428233,4.617554114463629,2.701582129049568,3.449330071672498,3.923391127711355
46,Ligand 46,3.612491163256532,3.6034680430019064,4.76224327392039,2.672744469641645,3.3969719257867554,3.796306549635589
47,Ligand 47,3.613431355901091,3.6310903321178896,4.654822660424345,2.276297651890009,3.3922232459357864,3.8128247746264803
48,Ligand 48,3.424595147739549,3.5130119555731656,4.266346915101957,2.143829051020628,3.1221313307585143,3.7357863713998913
49,Ligand 49,3.5444586579506936,3.5117272921300904,4.528585430352399,2.4547836971920725,3.3745277398648668,3.822411740200584
50,Ligand 50,3.4810782184225597,3.52994528844068,4.789832982474439,1.909008905165189,3.27396087083053,3.7957762359860987
51,Ligand 51,3.478598336425262,3.4134519185129935,4.442117062842897,2.33715403856912,3.308761968042538,3.6901510396484447
52,Ligand 52,3.3896165680443584,3.451453729250157,4.681781818923216,2.1088428106428405,3.116235255370771,3.6902136971427155
53,Ligand 53,3.429470451263088,3.5207000156108563,4.521738824832765,2.488135446473921,3.059688080279454,3.72080873139419
54,Ligand 54,3.70713147178372,3.6516666529221937,4.709262999663535,3.099503669944592,3.409625554125034,3.941734055291863
55,Ligand 55,3.610930726784579,3.557860312041494,4.907537468017943,1.9467763096976483,3.3905857900958662,3.824016867117613
56,Ligand 56,3.3529816380284108,3.4032117183625212,3.9793990752373696,2.0035590832316372,3.1513759896378852,3.6042839091479077
57,Ligand 57,3.8381057848947115,3.7816179827930325,4.843024984449282,3.0082327037647856,3.4796318632437147,4.034143159733238
58,Ligand 58,3.418172246989558,3.4763028142018584,4.086878637787027,2.0571346577217544,3.318263444362894,3.677341570965671
59,Ligand 59,3.3502426804485355,3.4747903533882445,4.478400160771702,1.7417898839986419,3.06572415558979,3.6257479968385775
60,Ligand 60,3.5262782054382837,3.5616269811139833,4.52908125341112,2.4559491037071592,3.377983334064977,3.717329379059654
61,Ligand 61,3.466927683095121,3.5349212155294194,4.23296692640044,2.2567928571315576,3.273433823983617,3.7442891181104083
62,Ligand 62,3.5539772323230197,3.645864643675084,4.382799790088522,2.238893923346975,3.434262802989889,3.7631165275606255
63,Ligand 63,3.6882542997235177,3.682067082495917,4.568410336211055,2.960222120044372,3.377329246913454,3.955884521510564
64,Ligand 64,3.4463701742263346,3.478014525323593,4.7664709167265435,2.3477501996592336,3.232967682071196,3.6750207437933637
65,Ligand 65,3.530372906124966,3.563850305498252,4.739675305334747,2.425559316941144,3.305612927555318,3.697363228861734
66,Ligand 66,3.52324288398889,3.5417993318046905,4.127947916338092,2.791135252903377,3.316173969993987,3.7542078378979027
67,Ligand 67,3.408039030573214,3.485916667769051,4.640453102876918,2.3473563853833475,3.2722517624610057,3.6279923693196956
68,Ligand 68,3.2978302985359336,3.3826306331019946,4.1072767133466925,2.3198303817305255,3.0650635052921804,3.6322644698553908
69,Ligand 69,3.3787141794617637,3.438686667900991,4.4359732866643835,2.1359929775165503,3.183048067497568,3.706963851995321
70,Ligand 70,3.5713554304728348,3.5768265127883434,4.428823884509295,2.192664589033172,3.4614425452013196,3.8276049780397616
71,Ligand 71,3.5055360546689065,3.5260357586053117,4.807530967138951,2.462342177683676,3.17670195511312,3.7722164151520214
72,Ligand 72,3.455908801357238,3.4734699849506327,4.288336390723095,2.1843646673575354,3.2060116667453933,3.7857782098988575
73,Ligand 73,3.394639809756499,3.3883148016082356,4.47434218628839,2.14138646675465,3.2661197754491833,3.6869197698194536
74,Ligand 74,3.785135513773379,3.7242811309571966,4.613482307324918,2.969543735997166,3.559206169996172,3.9952431308593437
75,Ligand 75,3.489313853183931,3.518842707482107,4.41304803962069,2.6721126473260783,3.3216238498662047,3.728386916616892
76,Ligand 76,3.4928605637106314,3.5577207660643957,4.039022406474125,2.4209041699332072,3.2847910907269195,3.764763880414999
77,Ligand 77,3.491238584491848,3.619034945221589,4.389073820295121,2.320466547916603,3.2539710534320667,3.7513634816410146
78,Ligand 78,3.4394709730535262,3.44446359222548,4.276154347074016,2.512671088702217,3.2431061525916554,3.609996672494067
79,Ligand 79,3.5236299823087838,3.5264959818508563,4.827911556770688,2.179824075470308,3.3572465756940932,3.7458558907931456
80,Ligand 80,3.541103430009383,3.6213424369997322,4.448304958071111,2.5878232165277413,3.221955186997224,3.795664998823103
81,Ligand 81,3.3665664297224396,3.4729506187102688,3.956796431458156,2.4721783916214415,3.2210530956292853,3.6362741852419056
82,Ligand 82,3.68490947675866,3.6479042695934787,4.890595975952212,2.388090869292869,3.429918592248022,3.9890777968146027
83,Ligand 83,3.3392732433903345,3.39187160723987,4.145536877172849,2.2222279361037613,3.110598965860027,3.660039011894296
84,Ligand 84,3.505789957541483,3.50082118937829,4.458803651205105,2.17492735510867,3.3556206579409404,3.675730539634266
85,Ligand 85,3.3728436811663096,3.457775205611265,4.045037700689577,2.3523090783313267,3.2349052079011504,3.607592281990716
86,Ligand 86,3.4695924397907607,3.52829342959053,4.4898798424902155,2.20162440030083,3.2165943579281504,3.694267446578004
87,Ligand 87,3.5236442259993708,3.507047549913447,4.1992905353166465,2.403456261303707,3.3678639866740543,3.690204266435974
88,Ligand 88,3.594839724819735,3.513066182126377,4.875169535513609,2.750901852120498,3.329845290794795,3.908561433895917
89,Ligand 89,3.577413220824819,3.5586351316199867,4.44911463102492,2.5252146443421406,3.403153537529567,3.7391198162134316
90,Ligand 90,3.3926708656224207,3.4451435383739866,4.357203001926813,2.1180118035553916,3.187084743461165,3.6149715580706316
91,Ligand 91,3.624438642242436,3.5744265274306604,4.609618313917108,2.899508234166614,3.2885118417882024,3.927338514120885
92,Ligand 92,3.5403542779745365,3.5406677336344297,4.56108890507519,2.5174987586888684,3.275129005092782,3.789176823533037
93,Ligand 93,3.5764556154554348,3.50946406164816,5.266192077773079,2.5954354162644844,3.2913416717199095,3.7946316026723843
94,Ligand 94,3.420788946540443,3.4895368653021706,4.332037165122203,2.4026562384161405,3.1049163152985324,3.6705674840521896
95,Ligand 95,3.4007466970807503,3.4478136550573595,3.978940311188394,2.26212952767962,3.234733992154532,3.6160168694296786
96,Ligand 96,3.4914377620635286,3.574694532404133,4.4155912401398805,1.895614676035189,3.386639166881945,3.7667480359089796
97,Ligand 97,3.359961362727362,3.42437395685161,3.94888579222038,2.508915901340655,3.1985411531252295,3.6080094591045917
98,Ligand 98,3.5765744377731634,3.6928895190622746,4.732057586293726,2.264800432709251,3.362711108614592,3.8464210637942386
99,Ligand 99,3.5407976403839316,3.6226972462444333,4.645895607953321,2.3672957145232174,3.417858955216849,3.7712496179998722
